source,target
distribution apy and supply apy,one piece 1034
one piece 1034,plant exodus
plant exodus,evergrande bankrupt
evergrande bankrupt,evergrande
evergrande,evergrande default
evergrande default,why cannabis illegal in uk in 1928
why cannabis illegal in uk in 1928,why cannabis was banned in uk in 1928
why cannabis was banned in uk in 1928,why cannabis is retricted
why cannabis is retricted,why cannabis is restricted
why cannabis is restricted,why the use of cannabis is restricted
why the use of cannabis is restricted,why the use of cannabis is restricted reddit
why the use of cannabis is restricted reddit,is cannabis s ame as marijuana
is cannabis s ame as marijuana,why countries legalized cannabis
why countries legalized cannabis,health benefits of cannabis
health benefits of cannabis,health problems of cannabis
health problems of cannabis,marimekko t-paita
marimekko t-paita,sexybamboo suicide
sexybamboo suicide,how many times japan hosted olympics
how many times japan hosted olympics,do mixi it takes two
do mixi it takes two,how many categories in olympics
how many categories in olympics,how many categories in olympics 2021
how many categories in olympics 2021,categories of olympic games
categories of olympic games,categories of olympic games 2021
categories of olympic games 2021,olympics 2020 delayed
olympics 2020 delayed,olympics 2021 when and where
olympics 2021 when and where,are olympics 2021 only in tokyo
are olympics 2021 only in tokyo,how many medals made for tokyo olympics
how many medals made for tokyo olympics,how many medals in tokyo olympics
how many medals in tokyo olympics,place could visit in japan to olympics spirit
place could visit in japan to olympics spirit,place could visit in japan
place could visit in japan,choi woo shik
choi woo shik,choi woo shik train to busan
choi woo shik train to busan,our beloved summer vietsub
our beloved summer vietsub,why pandas are endangered
why pandas are endangered,staking cartesi
staking cartesi,pandas habitat facts
pandas habitat facts,what efforts made to pandas
what efforts made to pandas,protect pandas wiki
protect pandas wiki,efforts to protect pandas
efforts to protect pandas,efforts to protect pandas wiki
efforts to protect pandas wiki,countries that protect pandas
countries that protect pandas,stake ada
stake ada,what if parameters in power bi i forecasting power bi search trends in 2021 - youtube - google chrome
what if parameters in power bi i forecasting power bi search trends in 2021 - youtube - google chrome,unbound ido
unbound ido,sifchain
sifchain,bybit launchpool
bybit launchpool,uninstall app on android
uninstall app on android,runnode stake
runnode stake,celolaunch
celolaunch,applications that use gps
applications that use gps,the use of gps in sport
the use of gps in sport,binance jobs finland
binance jobs finland,use of gps in agriculture
use of gps in agriculture,application of gps
application of gps,does gps emit radiation
does gps emit radiation,discordid
discordid,what is my discord id
what is my discord id,defrost finance rug pull
defrost finance rug pull,defrost finance
defrost finance,stake miota
stake miota,miota stake new network
miota stake new network,whalemap listing raydium
whalemap listing raydium,sifchain
sifchain,gps
gps,applications that use gps
applications that use gps,use of gps wiki
use of gps wiki,applications that use gps
applications that use gps,does gps emit radiation
does gps emit radiation,applications that use gps
applications that use gps,does gps emit radiation
does gps emit radiation,why cannabis is restricted
why cannabis is restricted,why cannabis illegal in uk in 1928
why cannabis illegal in uk in 1928,why cannabis restricted
why cannabis restricted,cons of cannabis
cons of cannabis,why ban cannabis
why ban cannabis,health problems of cannabis
health problems of cannabis,countries legalize cannabis
countries legalize cannabis,why countries legalize cannabis
why countries legalize cannabis,benefits of cannabis
benefits of cannabis,economic benefits of cannabis
economic benefits of cannabis,why use of cannabis should be banned
why use of cannabis should be banned,why pandas are endangered
why pandas are endangered,protect pandas wiki
protect pandas wiki,efforts to protect pandas
efforts to protect pandas,countries that protect pandas
countries that protect pandas,how many times japan hosted olympics
how many times japan hosted olympics,categories of olympic games 2021
categories of olympic games 2021,medals olympics 2021
medals olympics 2021,places to visit japan
places to visit japan,fantom scan
