source,target,index,title,query
spend least minutes each essay. data are accessible only researchers for purposeful reasons connected and patible with the. permitted access the data are directly involved the research and mit this set. study information google docsa docs google . study information google docs口. and archiving your personal data such plain texts your digital activity logs our system processes. with restricted access username and password. specific measures safeguard the fundamental rights and the interests the data subject you. find least references web pages for the content you write and copy the links urls. ensure that the number research staff with access such information restricted. there stop button that allows you stop the software from monitoring however you should. with code anonymized electronically recorded data will kept university helsinki servers. the research will conducted with implementing principles transparency data minimization. proposed research goals who have permission from the principal investigator grounds. identify the potential security risks toward data breaches during the monitoring. part meeting the researcher and task assignment. statistics about the gender academic education. answer the questions the task description when writing essay searching google. google the system will infer this need and retrieve those webpages before you have search for. legal basis for proce. inbox tranthanhbao gmail . day hours task and task based your own schedule. all the data samples used the proposed research are either legitimately available mercially. data collected stored anonymized form this means that participants have identified only. the end the experiment and return for your effort the experiment you will pensated. will deleted after the studies not keep archive the history only collect measures for. accordance with article based union member state law which shall proportionate. documents regarding ethical guidelines and data protection strategies the principal investigator will. findings reguested anonymous statistical data well data collected misht handed the. information for research subj. anonymous data will used for analysis future publications and other means disseminating the. plan for the management research material. only stop the monitoring shortly perform activities that you really don want share however. history and technology what you need. what the history your. without the need reporting your reasons and without facing any kind sanction. participation the experiment voluntary you can withdraw from the experiment any point. essay must longer than pages you are allowed copy and paste the content from the. have been obtained following appropriate ethical approval the source all data used will. with euros before tax. again this history contains logs which will encrypted and stored your puter the history. information will not kept all data collected will destroyed yyyy. internship opportunity arbitration case. software will installed and run continuously for days. declared and for each data source will explained whether ethical legal approval for usage has. while doing the task this software will collect the history your digital activity your puter,icc internship opportunity arbitr. our most requested microspheres are now. that indicates how the. puter reviewing the data contained the log administrator. techopedia explains system log syslog. the system log syslog. enter your email here. whether the processes loaded successfully not the information can then. used diagnose the sources puter problems whereas the. applicable most versions the three mon oss windows linux and. notifying the user the log contains information about the software. startup messages system changes abnormal shutdowns etc this list. whether the system processes are loading successfully. the maintains log events that helps monitoring administering and. troubleshooting the system addition helping users get information about. join over others receiving the. dictionary software system log syslog. important processes some the events include system errors warnings. user troubleshooting the system can identify the cause problem. latest about related articles goodies. would you like receive notifications site. the events recorded are the significant occurrences the that require. reviewing the data cont. the system log syslog contains record the operating system. syslog shows informational error and warning events related the. get insights from techopedia. automated scanning and remediation security threats with vulnerability. available for purchase online. what the system log. events that indicates how the system processes and drivers were loaded the. hardware system processes and system ponents also indicates. iiicc internship opportunity arbitr. what does system log syslog mean,10,What is the System Log (Syslog)? - Definition from Techopedia,operating system logs - google search
the assignment requires collect facts. type message is received. answer available questions,task health index docx. health benefits and health problems that may entail from smoking ingesting cannabis. recent years some countries for example austria have legalized the. use cannabis for medical purposes what would your arguments. why was cannabis made illegal the. you are joining debating society and need some notes make presentation the topic. why the use cannabis restricted,22,Task 1 - Health (No Index).docx - Google Docs,cannabis regulation uk - google search
mps call for long term planning. councils call for increased covid. the possession deemed for personal use. break medical cannabis deadlock. for those caught with small amount cannabis typically less. therefore remains illegal smoke weed anywhere the united. unlimited fine both while being convicted producing and. kingdom including within one own home data however suggests. that this law regularly flouted. supplying class drug risks years imprisonment. annabis remains illegal possess distribute sell grow the. overhaul support high streets. than one ounce police can issue warning the spot fine. caught with cannabis risks five years imprisonment. private member bill aims. cannabis classified class drug such any person who. insight ment cartoons public voice campaigns reference. what the law cannabis the,type message được thu. internet trả lời cho mấy câu hỏi. tìm giúp anh references links,25,Messenger,cannabis regulation uk history and development - google search
the early cannabis was popular both recreational and. public perception towards the drug the time. major study into drugs entitled the government drugs policy. aspirin led the reduced use cann. the development superior alternatives such the invention. alice wonderland and through the looking glass were. cannabis was first made illegal the. the report also remended the classification cannabis. medicinal pound and rumoured have been given. insight ment cartoons public voice campaigns reference. thought written while lewis carroll was using cannabis. queen victoria her doctor relieve period pain cannabis use. the early there was temporary change the. guidance controlled drugs and cannabis was classified class. the misuse drugs act was later introduced provide. working the report called for major shake the. the syringe for rapid drug inducement and the development. the mons home affairs select mittee carried out. government drugs policy concentrating education and harm. the early the downgrading cannabis. government stance cannabis largely response changing. the history cannabis law. source inspiration and aid imagination for example the books. aspirin led the reduced use cannabis medicine. class drug report the house lords science and. was legal and was reportedly used writers and other artists. reduction for users rather than criminal sanctions. ight ment cartoons public voice campaigns reference,regarding the classification cannabis and the penalties for the illicit possession. was made illegal except for licensed medical use. the was made illegal possess distribute import export the drug. twice daily digest the biggest news stories the day and the best features. these days easy fet that heroin was the trademarked brand name for the drug. derived from the coca leaf the drug cocaine was widely available and marketed. therapeutic use cannabis based medicines emphatically does not extend any review. here are the dates when other drugs were made illegal the. when the misuse drugs act came into force creating the class and classification. cannabis was made illegal the united kingdom september addition. banned its medical use was outlawed growing cannabis plants was also. start your free trial. system and making even more drugs controlled substances. subscribe today and your first issues are. all you need know about everything that matters. however doctors were able prescribe cannabis for medical use the until. twice daily digest the biggest news stories the day and the best featuresa theweek. cannabis would not changed any debate within government about the efficacy and. originally abandoned because was more potent than the original drug. amusingly was originally and erroneously sold non addictive alternative. mary hospital medical school london who was responsible for inventing. advertisement article continues below. was ingredient the drink coca cola which still uses cocainised leaves its. production until sherlock holmes famously took aid his deductions sigmund. home office spokesman stressed that the existing laws the recreational use. amphetamines were outlawed for non medical purposes under the drugs prevention. the dangerous drugs act. cultivation and trafficking cannabis will remain the same. was made from the opium poppy extract morphine and acid the chemist. unless done under licence opium and morphine were also restricted under the same. was made illegal excent for licensed medical use. heroin was freely available prescription registered addicts until still used. painkilling and stimulating ingredient drinks and pills the end the nineteenth. freud used painkiller and treat depression this day still used medically,31,When was cannabis banned in the UK? | The Week UK,why cannabis illegal in uk in 1928 - google search
thisislandingpage__regarding the classification cannabis and the penalties for the illicit possession. was made illegal except for licensed medical use. the was made illegal possess distribute import export the drug. twice daily digest the biggest news stories the day and the best features. these days easy fet that heroin was the trademarked brand name for the drug. derived from the coca leaf the drug cocaine was widely available and marketed. therapeutic use cannabis based medicines emphatically does not extend any review. here are the dates when other drugs were made illegal the. when the misuse drugs act came into force creating the class and classification. cannabis was made illegal the united kingdom september addition. banned its medical use was outlawed growing cannabis plants was also. start your free trial. system and making even more drugs controlled substances. subscribe today and your first issues are. all you need know about everything that matters. however doctors were able prescribe cannabis for medical use the until. twice daily digest the biggest news stories the day and the best featuresa theweek. cannabis would not changed any debate within government about the efficacy and. originally abandoned because was more potent than the original drug. amusingly was originally and erroneously sold non addictive alternative. mary hospital medical school london who was responsible for inventing. advertisement article continues below. was ingredient the drink coca cola which still uses cocainised leaves its. production until sherlock holmes famously took aid his deductions sigmund. home office spokesman stressed that the existing laws the recreational use. amphetamines were outlawed for non medical purposes under the drugs prevention. the dangerous drugs act. cultivation and trafficking cannabis will remain the same. was made from the opium poppy extract morphine and acid the chemist. unless done under licence opium and morphine were also restricted under the same. was made illegal excent for licensed medical use. heroin was freely available prescription registered addicts until still used. painkilling and stimulating ingredient drinks and pills the end the nineteenth. freud used painkiller and treat depression this day still used medically,its banning the was almost incidental the geopolitical. schedule for substances with medical use this again. including cannabidiol cbd not meet the legal definition. convention narcotic drugs the definition. century british diplomats initially opposed the international. followed contemporary international norms cannabis which. controlled criminal law the the misuse drugs act. cannabinol derivatives the misuse drugs act also reflected. only trust experts only publish experts support. they lost the argument the geneva opium convention. donate nowa theconversation . control cannabis its sale was earning revenue for the british. republish our articles for. ongoing international mitments expressed the single. medicines they are controlled the medicines and healthcare. the continuing criminalisation cannabis britain reflects. legislation these legal derivatives are sold advertised. course cannabis was not always legally controlled substance. view the full list. derivatives containing thc many other phytocannabinoids. the list banned substances the convention. psychotropic substances since then regulations have. read more medical breakthroughs missed because pointless drug. empire early sign britain waning imperial influence. been used limit the medical use controlled substances the. discussions opium and coca products the early. drugs act the coca leaves and indian hemp drug. cannabinol derivative and are not controlled the. supply and possession raw cannabis and cannabinol. cannabis was subsequently added the british dangerous. most recent misuse drugs regulations place cannabis. imposes criminal penalties for the production importation,33,Cannabis: how British laws around the drug have evolved,why cannabis illegal in uk in 1928 - google search
task health index docx. health benefits and health problems that may entail from smoking ingesting cannabis. recent years some countries for example austria have legalized the. use cannabis for medical purposes what would your arguments. icc internship opportunity regional busine. task health index docx googl. you are joining debating society and need some notes make presentation the topic. why the use cannabis restricted,the bottom the page. view our privacy policy for more information. audience insights and product development some. consent optional however may restrict content and. and our technology partners ask for your consent. click accept below you are happy with this. and your browsing patterns this may used for. our partners process personal data the basis. which consent required any time using the link. further information clicking settings. you can change withdraw your consent. this site you can change your consent view. settings and our list partners and the purposes for. data your device for example unique identifiers. advert and content personalisation measurement. advert personalisation choices made here apply only. the use cookies store and access personal,78,Why Is Cannabis Illegal In The UK? - LADbible,why was cannabis made illegal in the uk - google search
cannabis was made illegal the was followed international drugs,and learning laboratory setting cannabis and thc produce dose related deficits. reaction time attention motor performance and coordination and information. processing these effects can last days after abstinence from the drug. cerebellum chronic cannabis users heavy chronic users may have reduced. activating the neurons but the effects thc are more potent and longer acting. the active ingredient cannabis delta tetrahydrocannabinol thc only found. and dopamine animal studies have indicated that thc exposure increases the. have paranoid thoughts experience acute psychosis depending. present tobacco smoke carbon monoxide cyanide with the exception. people however estimates for the world most populated countries estimates are. involved memory and attention such the hippocampus prefrontal cortex and. while thc the main psychoactive ponent cannabis extracts cannabis. cannabis smokers often have many the same respiratory problems tobacco. from the same amount smoked tobacco this inconsistency attributed. are particularly prevalent the hippocampus cerebellum prefrontal cortex and. users report feeling sleepy depressed and others may feel anxious panicked. corintthe setting the social setting user expectations mood state users. parable rateto cigarette smoking long term studies from the usa and new. reward pain perception and motor coordination cbr receptor activation regulates. thc cannabis and nicotine tobacco infrequent cannabis users may experience. cannabis smoke particles tar the respiratory tract pared the tar generated. hall degenhard adverse health effects non medical cannabis use lancet. pharmacogenetic characteristics and vulnerability more the psychosis link. small portions the cannabis plant the flowering tops and some the. functional imaging studies have found lower activity levels regions the brain. cannabis and the respiratory and. volumes the hippocampus and amygdala additionally adults who use cannabis. tobacco regular cannabis smoking can lead both acute and chronic bronchitis. contains least chemical constituents which are cannabinoids while. effects memory including the ability form new memories and attention. smokers including daily cough and phlegm production frequent acute chest illness. than the endogenous neurotransmitter cbrs are widely distributed the brain but. burning and stinging the mouth and throat along with heavy cough and regular. typically report the feeling euphoria and relaxation those effects subside some. neurotransmitter anandamide thc mimics anandamide binding with the cbrs and. neurons produce psychoactive effects cbrs are part the endocannabinoid. nida research report series cannabis abuse. chronic bronchitis than non smokers there four fold greater quantity. the release multiple neurotransmitters including noradrenaline gaba serotonin. system munication network the brain that plays role neural. leaves thc stimulates cannabinoid receptors cbrs located the surface. either unavailable china only partially available and outdated for men india. cannabis use linked deficits tasks executive functioning has negative. unmon cannabis smoke posed many the same ingredients that are. and increased risk lung infections and pneumonia even the absence. development and function cbrs are typically activated naturally occurring. many these ponents have not been isolated two cannabinol andthc content attributed indoor cultivation and improved breeding. because cannabis frequently smoked bronchial and lung diseases are not. memory within few days following use. zealand have shown that regular cannabis smokers report more symptoms. use salud ment online vol accessed november. villatoro student survey mexico city prevalence and trends drug. cannabis the brain and body. amygdala brain regions involved pleasure cognition concentration memory. heavily often exhibit deficits executive functioning attention learning and,86,https://www.unodc.org/documents/drug-prevention-and-treatment/cannabis_review.pdf,reason why cannabis usage is restricted - google search
hand rolled joints that plus the fact that most tobacco users typically smoke more cigarettes per day than. frequency than those who had smoked for less than years one possible explanation for this finding. marijuana and medicine assessing the science base. conduct epidemiological studies that isolate the effects marijuana smoking. marijuana medicine the science beyond the controversy. lungs and since tobacco smoking has been linked respiratory injury cancer emphysema heart disease. failed find consis tent evidence that either substance poses greater health risk than the other the one. marijuana use and dependence. where there smoke there harm. the physiology use and abuse. even greater levels cancer causing agents. the most heated arguments over medical marijuana not concern its ability alleviate patients symptoms. smokers typically inhale larger volume smoke and take more deeply into the lungs than tobacco. equally detrimental physical health although free nicotine marijuana smoke certainly pollutes the. people who smoked neither marijuana tobacco however the researchers also found that patients who had. pdf version this title. ncbi nlm nih gov. evidence that marijuana causes physical and psychological injury individual users then considers the. aigonotteg ofeouivelent weich thia cfononce duc the olr sitong ininta and hegauge mamiinengく. smoked marijuana for more than years did not seek treatment for respiratory illness with any greater. hardcopy version national academies press. scientists have pared marijuana and tobacco smoking the basis many different factors but have. respiratory illnesses than are nonsmokers survey outpatient medical visits large health maintenance. their marijuana using counterparts means that over the course day most tobacco users take far more. smoking tobacco and since estimated percent marijuana users also smoke tobacco difficult. given the well known consequences tobacco smoking seems logical suspect that marijuana could. and plete references for studies described below can found chapter the iom report. but rather its potential danger individual users and society this chapter first examines the scientific. the other hand because they are packed more tightly mercial cigarettes produce more smoke than. how harmful marijuana marijuana. parisons between the damage one health caused smoking marijuana versus the damage caused. smoke into their lungs than people who smoke marijuana exclusively thus impossible make precise. hand marijuana joints have been shown deliver least four times much tar the lungs tobacco. medical marijuana danger society. plications pregnancy low birth weight and other ills makes sense worry whether smoking. marijuana might prove equally harmful. cigarettes equivalent weight this difference due the lack filters joints and because marijuana. anization hmo found that marijuana users were more likely seek help for respiratory illnesses than. not surprisingly clinical studies suggest that people who smoke marijuana are more likely develop. potential social harms that could result from legalizing marijuana for medical uses more detailed information. aigonotteg ofeouivelent weich thia cfononce duc the olr sitong ininta and hegauge mamiinenga ncbi nlm nih gov. smokers marijuana smokers also tend hold smoke for time before exhaling exposing the lungs,benefits and harms medical cannabis scoping review systematic reviews. review pubmed ncbi nlm nih gov. see all similar articles. drug alcohol depend feb doi. pubmed ncbi nlm nih gov. approach the medical marijuana controversy. legalize use marijuana for medical purposes mds and patients plead. pratt stevens thuku butler skidmore wieland clemons kanji hutton. syst rev dec doi. arch gen psychiatry jun doi archpsyc. marijuana and medicine assessing the science base summary the institute,99,Examining the debate on the use of medical marijuana - PubMed,debate in medical use of cannabis - google search
safari can find the server. safari can open the page. find the server  ncbi nlm nih gov. ncbi nlm nih gov.   ncbi nlm nih gov pmc articles pmid because safari can,appear here icc internship opp. task health index docx. health benefits and health problems that may entail from smoking ingesting cannabis,102,Task 1 - Health (No Index).docx - Google Docs,debate in medical use of cannabis - google search
reducing pain the analysis approach and reporting other reviews was sub optimal making. systematic review registration the protocol for this scoping review was posted the open. review was rated high quality while the remaining were rated moderate. authors declare that they have conflicts interest pubmed ncbi nlm nih gov. dizziness were mon and reported over half the reviews serious harms were not. keywords cannabis marijuana medical marijuana scoping review systematic review. multiple sclerosis neuropathic pain and oncological patients treated with. cancer after pain the most mon symptoms treated were spasticity movement. safety data was generally reported study study with few reviews synthesizing data only one. access  ruor uottawa handle. has previously received honoraria from cornerstone research group for provision. systematic review safeness and therapeutic efficacy cannabis patients with. management pain symptom conditions such multiple sclerosis injury and. disturbances nausea vomiting and mental health symptoms assessment review findings. the reviews paring cannabis active drugs minor adverse effects drowsiness. low critically low quality. were reported most reviews paring cannabis with placebo and. conclusions results from the included reviews were mixed with most reporting inability. pubmed ncbi nlm nih gov. draw conclusions due inconsistent findings and lack rigorous evidence mild harms were. frequently reported and possible the harms cannabis based medicines may outweigh. methodologic advice related the conduct systematic reviews and meta analysis all other. difficult know how consistent findings are when considering pain general adverse effects. mon but were reported reviews that reported adverse effects overall. lends the understanding that although small number reviews results showed benefit for. fig prisma style flow,appetite cause coughs increase heart rate increase decrease blood. evidence rate detalled description each the ratings. smoking marijuana using mouth sprays containing marijuana. syndrome heart attack and swelling walls the arteries. pressure and impair mental functioning some reports suggest that. events after smoking marijuana had other risk factors for heart related. symptoms such chest pressure soreness and difficulty breathing. extract can cause headache dizziness drowsiness dry mouth nausea. marijuana extract possibly safe when used standardized. check your symptomsshared with. events such smoking cigarettes being overweight. cavities form within lung tissue these air filled cavities can cause. and paranoid thinking smoking marijuana might also increase. what you should know. smoking marijuana may also increase the risk acute coronary. associated with increased the risk developing lung cancer also. arteritis however many cases people who experienced these. some reports suggest that smoking marijuana might cause air filled. marijuana possibly unsafe when smoked smoking marijuana. spray sativex pharmaceuticals that applied under the tongue,103,"Marijuana: Health Benefits, Side Effects, Uses, Dose & Precautions",debate in medical use of cannabis - google search
muscle spasms the ability walk tremors people with. this product approved treat nerve pain people with. early research shows that smoking marijuana may reduce muscle. can also cause weight gain people with hivwho are also taking. multiple sclerosis including muscle spasms need urinate and. marijuana extract sativex pharmaceuticals under the. hiv aids related weight loss smoking marijuana seems. reduces self reported muscle stiffness and muscle spasms. extract cannador society for clinical research mouth. stimulate the appetite people with aids marijuana cigarettes. tongue seems improve some self reported symptoms. can also cause weight gain people with hiv who are also taking. results regarding the effects marijuana extract when taken. mouth one small study shows that taking specific marijuana. people with however other studies show that taking. also some conflicting evidence suggests that this product does. nerve pain the this product approved prescription. medicine treat muscle spasms people with canada. this product not available prescription medicine the. multiple sclerosis applying specific spray containing. not significantly improve muscle spasms nor does reduce the. need urinate tremors patients there are conflicting. indinavir crixivan nelfinavir viracept. marijuana extract mouth does not significantly improve. spasms pain the arms and legs and tremors people with. check your symptomsicc internship opportuni,muscle spasms the ability walk tremors people with. this product approved treat nerve pain people with. early research shows that smoking marijuana may reduce muscle. can also cause weight gain people with hivwho are also taking. multiple sclerosis including muscle spasms need urinate and. marijuana extract sativex pharmaceuticals under the. hiv aids related weight loss smoking marijuana seems. reduces self reported muscle stiffness and muscle spasms. extract cannador society for clinical research mouth. stimulate the appetite people with aids marijuana cigarettes. tongue seems improve some self reported symptoms. can also cause weight gain people with hiv who are also taking. results regarding the effects marijuana extract when taken. mouth one small study shows that taking specific marijuana. people with however other studies show that taking. also some conflicting evidence suggests that this product does. nerve pain the this product approved prescription. medicine treat muscle spasms people with canada. this product not available prescription medicine the. multiple sclerosis applying specific spray containing. not significantly improve muscle spasms nor does reduce the. need urinate tremors patients there are conflicting. indinavir crixivan nelfinavir viracept. marijuana extract mouth does not significantly improve. spasms pain the arms and legs and tremors people with. check your symptomsmemory loss supplements,106,"Marijuana: Health Benefits, Side Effects, Uses, Dose & Precautions",health benefits and problems of smoking cannabis for medical use - google search
within lung tissue these air filled cavities can cause symptoms such chest pressure,the ecdd decided conduct pre. institutions bandle all activities related the produco  files. studying the issue the existence anised civil. ple some countries only authorise pharmaceuticals. different processes that led these policies can gen. development its educational and academic. tors can influence the type and impact the various. panies developing medicinal cannabis anda fileserver idpc net. cannabis its meeting june. available evidence the therapeutic uses. nabis already being produced country demand. profoundly statist the case uruguay where public. scientific research total production was. for cannabis and its derivatives for medicinal thera. also differ with regards defining medicinal use the. apart from the decision making process other fac. institutions handle all activities related the produc. legislative and public policy processes led. its efficacy within acceptable risk these risks. medicinal regulation other forms cannabis use. requirements for indicate further growth. medical usage for cannabis this research immedi. and more countries have started use cannabis and. panies developing medicinal cannabis andicc internship. the product the conditions use dosage the. tion processing and sale cannabis the experiences. tional sub national governments uruguay. discussed special session june idpc. are impossible achieve long the substance. set precedents sentences that are applied gen. can generally minimised optimising the quali. regulatory experiences these include the kind. such sativex while others allow herbal non phar. according the incb the licit use cannabis has. types products considered medicines for exam. medicinal cannabis around the. the plant whether not there are areas where can. direct democratic processes such referenda and. review cannabis and related substances. sonal use the use ointments and oils permitted. stitutions the number professionals dedicated. may economically liberal like the united states. peutic purposes and the public policy goals pursued. etc also worth noting here that even cases. society the historical and cultural relationship with. erally was the case mexico and canada. ing that the general criterion used for medication. over the past three years its session. popular consultations like several states. ately side lined this point worth highlight. increased considerably since since then more. bling access medicinal cannabis are varied and the. individual cases defended the courts which. macological preparations whether cultivation for per. ciety which the cannabis debate occurs the degree. cannabis extracts for medical purposes addition. the ecdd take account the wide range. form administration and its formula all which. this can explain the wide range responses from coun. considers this review highly positive and calls. toi camtawis atu its uerivatives tor meuicitiar licta. tons had increased tons report. the existing experiences establishing policies ena. main prohibited with its sacramental use only allowed. tries the demand for medicinal cannabis use which,112,https://fileserver.idpc.net/library/Medicinal%20cannabis%20briefing_ENG_FINAL.PDF,why use of cannabis restricted - google search
the sperm ejaculated emit eject discharge release expel. việt english thesaurus english dutch english french english. excrete disge exude spout shoot out squirt out spew out. the moment sexual climax. with direct speech dated say something quickly and suddenly. việt anh anh việt english thesaurus english dutch english french english. what ejaculated exclaim cry out call out yelli sing out. emit semen climax have asm asm informal e. what ejaculated exclaim cry out call out yell sing out. utter suddenly blurt out burst out with e out with. object man male animal eject semen from the body. sinh vật học phóng tinh dịch,all việt anh anh việt english thesaurus english dutch english french english. lacuna bre kju ame unə. nhiều lacunae kju lacunas. chỗ thiếu chỗ khuyết chỗ sót,314,Dictionary (2 found),ip law - google search
use logo image that helps people identify this. use image that represents what this page about. legal services and consulting. pages set your page,use logo image that helps people identify this. use image that represents what this page about. legal services and consulting. pages set your page,342,Facebook,happy new year 2022 - google search
social media management social media content cour. county reminder email address and password tranthanhbao. apartment cratloe wood student village. county algoodbody tal net. personal information goodbodym reminder email address and password tranthanhbao. reminder email address and password tranthanhbao. please supply the following information. personal information goodbodyirelandm reminder email address and password tranthanhbao,reminder email address and passwor. county algoodbody tal net. correspondencem reminder email address and passwor. social media management social med. email addrocs inloaceetela suomen laani. county equai opppor tunities. please supply the following information. selecta algoodbody tal net,401,Personal Information - A&L Goodbody,välimerenkatu 5 - google search
program algoodbody tal net. reminder email address and password. välimerenkatu google searchm reminder email address and passwor. social media management social med. other than under the. program selecta algoodbody tal net. save continuejune reminder email address and password. please give briefa algoodbody tal net. have you ever been,listen our series covid. make the right medium and long term decisions. supply chain and operations. anisations are experiencing significant operational financial and liquidity. government support and webcasts where focus your strategy over the ing. have solid understanding your cash position assessing the potential. medium and long term financial implications covid. finance and liquidity consi. challenges result covid priority for businesses managing cash. the way you respond covid will the key maintaining confidence and. engage actively and realistically with stakeholders consider the effect. determine access pools liquidity and where working capital can released,405,COVID-19: Responding to potential impacts on Irish business | PwC,covid impact on business in ireland - google search
sure make it small. read the job description for inspiration. instead of expertise,"that we would meet face to face on the first day, i was happy about this because starting a new job remotely felt personal. how corona affected the trainee episodes kpmg. as a foreign idea, since then we held daily team meetings with him in the first weeks. i was assured of what. since then i've started doing remote days for the first time in my work history, now i feel that i'm well equipped for remote working. i felt the situation at the office was safe, i ended up working from there at the beginning, there were some people from our team present sometimes, i was able to. when i started, the office had a remote work recommendation, so most of the house worked remotely, however, we agreed on a performance manager. that i was left alone in any matter. inbox tranthanhbao gmail gmail. although i would like to see the office full of noise and bustle. for various meetings, we also took meetings without an agenda in order to get to know each other better. cookies settings home kpmg. to get to know them in a so-called traditional way, i met most of the team members, however, i was invited through teams. i myself was a little surprised at how well i have been able to join the work community. the coworkers are approachable",491,Miten korona on vaikuttanut trainee-jaksoihin KPMG:llä? - KPMG Finland,hae trainee-ohjelmaamme - hakuajat keväällä ja syksyllä - kpmg finland
vietnamese daily post. inbox tranthanhbao gmail email. the last seven days safari has prevented trackers from profiling you. buddha days. vietnamese uncle,are doing fine anushri. cass and the sale nov. hiring corp certified marketing agency. inbox tranthanhbao gmail  gmail. joe mallet resource linkedin . anushri hello bao hope you. linkedin offer restart your. stumbling towards the end marathon finishing line. towards the end last year felt like drunk person,492,(1) Feed | LinkedIn,hae trainee-ohjelmaamme - hakuajat keväällä ja syksyllä - kpmg finland
video the epic brand. brand and why you. social media management week brand connection,"aleksi owned jorma ihatsu until he sold it to kesko in the 1990s to the fashion group. aleksi moved from kesko in aleksi's flagship store was located in the building that was completed in sources edit edit wikitext. the new owner, fashion group, started converting aleksi stores into stores of its new chain, but a couple of years later. tornio shopping center at the border, the border is closed. edit history edit wikitext. joensuu big store closed. the kop triangle turned into an outlet. there were a total of aleksi stores in finland in the year. there were only five stores left. itis changed to the name luhta. stores edit edit wikitext. remains leoueldkoo muoldcoo wilcitolotiö. ylöjärvi shopping center closed in august. edit wikitext show history. its first store was located in helsinki at the more familiar aleksanterinkatu address. there were a total of aleksi stores in finland in the year. aleksi sells, among other things, mexx to foreign fashion chains operating in finland. leak later wikipedia. kempele shopping center zeppelin closed. aleksi is a finnish chain of clothing stores from the luhtanen family from lahti. cuorumoaja lraonot urvup aikumuuiaa nionor myymaionca uuuom noyurroa myymaroinji mutia parvuoua myonommit. esprit ril you brand clothes accessories. after, stores started to be closed or changed to luhta's stores under different names with the intention. kotka pasaati became a luhta brand store. in the so-called lundqvist business palace, designed by architect selim lindqvist. pori shopping center icco closed. the new owner fashion group started converting aleksi stores into stores of its new chain, but a couple of years later. concentrates aleksi's activities in the capital region. kuonio ouuliott wikipedia . the first aleksi store was opened in august, the name of the clothing chain comes from the fact that. lluei icteia fechion groun olkei utten alekei oamäläikäi mnmöläikie of their new oie ketiunse. the first aleksi store was opened in august, the name of the clothing chain comes from the fact that. the operating principle of aleksi, which belongs to the sportswear company, is to be the domestic equivalent. tab peltola weak service brilliance of fascination genuine skill trade means in hyper competition edita isbn wikipedia . the project was backed out, the stores were changed back to the aleksi name in the century, the chain was quickly pruned so that in the spring. together with the wardrobe chain. not logged in chat edits create a password log in",551,Aleksi 13 – Wikipedia,aleksi 13 - google search
tran bao parttime docx. tran bao icc internship pdf,from wikipedia the free encyclopedia. timo torikka born finnish actor. finland the frequency the surname was higher than national average the following regions. elsa torikka born finnish javelin thrower. all known bearers the surname torikka were residents finland frequency sweden. not logged talk contributions create account log. print exporta wikipedia ,648,Torikka - Wikipedia,finnish last name starting with a t - google search
who can see your name. your change might take while show everywhere. manage your google account. changes your name will reflected across your google account learn. anyone can see this information when they muni. cate with you view content that you create google,personal info and options manage you can. abouta myaccount google . make some this info like your contact details. some info may visible other people using google services find out more. your profile info google. info about you and your preferences across google services. add photo personalise your account. you can also see summary your profiles. visible others that they can reach you easily,670,Google Account,gigantti espoo - google search
bee aware the essential role law. and the rule law. understand legal fundamentals european privacy. oecd privacym inbox tranthanhba. create awareness for the role privacy. learn about the human rights background. european legal system introduction. designing crypto and security systems. explain how privacy protection came about,the explicit mention private life right for individuals. the explicit mention data protection right for individuals. there should limits the collection personal data and any such data should obtained lawful and fair means. what the main difference with regards protecting private life and data between the echr and the charter. the implicit protection your private life human right. what the purpose specification principle. the purposes for which personal data are collected should specified not later than the time data collection. for which purpose can the three human rights privacy private life and data protection restricted. the explicit mention privacy within electronic environment human right. personal data should protected reasonable security safeguards against such risks loss unauthorised access. how are the judges elected that take seat the european court human rights. personal data should not disclosed made available otherwise used for purposes other than those specified,716,Practice Quiz | Coursera,purpose specification principle - google search
they are installed for life the current leaders the member states special procedure when old judge has passed. the european convention human rights. the explicit mention data protection right for individuals. the charter fundamental rights. report issuea try again once you are ready. documents does not belong its jurisdiction. personal data should not disclosed made available otherwise used for purposes other than those specifiedm inbox tranthanhba. accordance with the lawo the european convention human rights. europe when referring privacy legal sense what term use nowadays. accordance with the law. personal data should not disclosed made available otherwise used for purposes other than those specified. the explicit mention private life right for individuals. for humanityo the purposes for which personal data are collected should specified not later than the time data collection. use the name your government issued ida try again once you are ready. pointo the implicit protection your private life human right. for which purpose can the three human rights privacy private life and data protection restricted. done for national security reasons. keep your highest score. pointo they are appointed assembly all the ministers justice the member states once every seven years. incorrecto the charter fundamental rights. grade received pass higher. however some cases interference allowed which the following statements prerequisite this interference. the court justice responsible for the correct intrepretation and application all aspects law which the following. what the purpose specification principle. personal data should protected reasonable security safeguards against such risks loss unauthorised access europe when referring privacy legal sense what term use nowadays. they are elected the parliamentary assembly the council europe for period nine years. they are chosen from the respective supreme courts each member state their peers until their retirement. personal data should not disclosed made available otherwise used for purposes other than those specifiedo human rights. article the european convention human rights the private life protected from intrusion governmental institutions. the explicit mention privacy within electronic environment human righto for integrity. required maintain public order. iunderstand that submitting work that isn own may result permanent failure this course deactivation coursera account. there should limits the collection personal data and any such data should obtained lawful and fair means. what the main difference with regards protecting private life and data between the echr and the charter. they are appointed assembly all the ministers justice the member states once every seven years. the implicit protection your private life human right. acts the institutions the european union. the purposes for which personal data are collected should specified not later than the time data collection. the purposes for which personal data are collected should specified not later than the time data collectionpractice quiz. coursera honor code learn more. the explicit mention privacy within electronic environment human right. personal data should protected reasonable security safeguards against such risks loss unauthorised access. caruhich nurn esaca tha bum sichte neinnmnvisnte lifnand dnta nretaction havanteirtadapractice quiz. how are the judges elected that take seat the european court human rights,they are installed for life the current leaders the member states special procedure when old judge has passed. the explicit mention private life right for individuals. they are chosen from the respective supreme courts each member state their peers until their retirement. the explicit mention data protection right for individuals. the charter fundamental rights. documents does not belong its jurisdiction. what the main difference with regards protecting private life and data between the echr and the charter. they are appointed assembly all the ministers justice the member states once every seven years. the court justice responsible for the correct intrepretation and application all aspects law which the following. the implicit protection your private life human right. the explicit mention privacy within electronic environment human right. they are elected the parliamentary assembly the council europe for period nine years. how are the judges elected that take seat the european court human rights,717,Practice Quiz | Coursera,main difference with regards to protecting private life and data between the echr and the charter - google search
mod sandra wachter and brent mittelstadt right reasonable inferences. reading report outa coursera . data protection law the age big data and. privacy europe week paper right reasonable interferences thinking data protection law the age big data and. paper right reasonable interferences thinking. reading report outm inbox tranthanhba,not logged talk contributions create account log. revising its statements about the number narticinants abandon tha use the safe harbor certification mark investigate theen wikipedia . the privacy shield which was closely followed the swiss privacy shield framework,727,International Safe Harbor Privacy Principles - Wikipedia,the safe harbour principles - google search
vietnamese daily post. which social media scheduler has built chatbot creator. ten mantras. the last seven days safari has prevented trackers from profiling you. buddha days. phd candidates junioq which social media scheduler has built chatbot creator. vietnamese uncle,erika launched the facebook page for the new restaurant she just opened month ago and encountering some issues she feels. what elements should you include your content calendar. hey marge sorry hear that that not line with our standards and you now talk about this and give. which social media scheduler has built chatbot creator. hey amelle can you not post this our page looks bad for the business. erika should automate responses for customer messages and ments graded quiz min. try again once you are ready. not auitel hack and watch managina vour social media precence review due user volume some platforms require more content maintain brand visibility than others how often acceptable post. inctaaram and inkedin graded quiz min. date and time the post. true false when responding customer ments important take any issues and criticism the brand out the public. which platform you are posting. which role for managing your facebook page the lowest class permissioning and has access audience data. invite your friends and family follow your page. understand that submitting work that isn own may result permanent failure this course deactivation coursera account. erika should look into using publishing tools schedule posts. like she not posting enough updates because time constraints and therefore not attracting followers fast enough she. hey amélie sorry hear that not our problem though. within how many days should brand respond social media ments. not quite back and read manage and moderate your online presence review. due user volume some platforms reguire more content maintain brand visibility than others how often acceptable post. you free rental well. erika should work team with her employees share page responsibilities and generate new content for her followers andgraded quiz min. use the name your government issued. true false the best way create positive brand impression responding customers social media ments timely. keep your highest score. and polite manner graded quiz min. report issuesocial media content management quiz. social media management week social media content management quiz. hey marge sorry hear that but your marriage your problem. true false admins have total control facebook page and are the only class that can assign and change others roles. grade received pass higher. what are the best times publish across all four major social media platforms. hey imra loved bouquet but think introduced termites into home need talk you. social media content management quiz. not quite rewatch the video using content calendar review. calla and ivy receive ment from customer named amélie their facebook page reads. erika should work team with her employees share page responsibilities and generate new content for her followers and. the post content including images and hashtags. directly the page graded quiz min. sphere and address customers private messages. due user volume some platforms require more content maintain brand visibility than others how often acceptable post. hey amélie sorry hear that that not line with our standards and you now talk about this. iunderstand that submitting work that isn own may result permanent failure this course deactivation coursera account. true false moderators for facebook page can respond page ments and send messages from the page well post. every hourssocial media content management quiz. remainingsocial media content management quiz. true false using hashtags your post are great way connect with potential customers. hey marge get this off our page take your marital problems elsewhere. due jan eet attempts every hours. hire influencers advertise for you. erika should automate responses for customer messages and ments. false due user volume some platforms require more content maintain brand visibility than others how often acceptable post. coursera honor code learn more. hey amélie can you not post this our page looks bad for the business. use the name your government issued idsocial media content management quiz. looking for some guidance better manage her page which the following tips should she apply her strategy,743,Social Media Content Management Quiz | Coursera,which social media scheduler has a built-in chatbot creator - google search
with highly intelligent people. when you choose start this activity you are giving your consent assessed according these terms you don agree with any. hate when have spend time. strongly like approach work using carefully. remember tell how you see yourself not how you would like seen work. copyright clevry all rights reserved. from listening what being said. there time limit for this assessment. frustrated when feel actions are. work quickly you can avoid spending too long your answers. never distracted from job once. don start until you understood these important points. opportunities for training and. before have make mind. worry about things too much. tam never distracted from job once. try avoid giving the between rating much possible. find that taking risks helps sustain. sometimes wish had more time think. same thing for too long. someone says something unfair about. best decisions result more from. how give your answers. development even with other demands. constrained rules and systems. there are right wrong answers. have amazing eye for detail. usually quick make mind. privacy policya clevry . work tend leave nothing. iinsist working methodical way. avoid pushing opinions others. myself than risk upsetting someone. when you are ready get started click start questionnaire. feelings are quite easily hurt. but make sure your answers really tell about your real personality yourself when you fill the questionnaire relax don rush and. tend avoid tedious tasks for long. have frequently taken significant risks. honest rate yourself how you really are not how you would like. before have make mind clevry . thinking guided more experience. verbal reasoning test enhanced. choose the first you strongly disagree with the statement. work order feel have done best. experience worth more than. than risk big loss clevry . agreei sometimes wish had more time think. you will work through some pages that each contain series statements about personality work you need read each statement and. have often persuaded others change. more than one quarter plete. privacy policyau clevry . during this activity you asked plete the assessments listed below. choose the middle one you neither agree nor disagree with the statement. strongly agreea clevry . often look for ways avoiding boring. like approach work using carefully. this assessment requires calculator remend you have one hand prior starting the test clevry . tinsist working methodical way. quickly bee bored have the. choose the fifth you strongly agree with the statement. strongly agreem personality assessment teams interview with clevry nguyentran gmail  gmail. attend small matters which others. password advice please begin typing. than risk big loss. believe important have strict rules. would rather keep thoughts. strongly have frequently taken significant risks. sometimes attention wanders when. personality assessment teams interview with clevry nguyentran gmail  gmail. and regulations work which everybody. honest rate yourself how you really are not how you would like bem personality assessment teams interview with clevry nguyentran gmail  gmail. fairly reticent when pany. sometimes talk about people behind. own thoughts sometimes prevent. the below icons indicate some characteristics the assessment that you have been asked plete please note that only the. use all the five choices including the extremes. imy best decisions result more from. these terms then please contact clevry. would rather play safe for smaller gains. have strong preference for working. would rather rely data than intuition. tell how much you agree with each statement choosing one five choices. thave often persuaded others change. choose the second you disagree with the statement. trarely worry about anything. icons that appear next the test you are pleting apply your assessment process some listed below may not relevant. would rather improvise than plan ahead. legal sector personality questionnaire. password advice make least charactersm personality assessment teams interview with clevry nguyentran gmail  gmail. say how relates you telling how much you agree with. you cannot back and change your answers previous pages. development would unlikely affect. choose the fourth you agree with the statement. tam fairly reticent when pany. strongly frustrated when feel actions are. have given high priority self. want sign and take assessment. base decisions rational analysis. thave frequently taken significant risks. want you your best. prefer take time over piece. strongly would rather play safe for smaller gains,unimportant pared getting the job. often prepared take chance. would rather work with people. somebody opinion differs from mine. when others are worrving about sidea clevry . personality assessment teams interview with clevry. sometimes miss small errors work. strongly agreea clevry . strongly would never cheat test even. copyright clevry all rights reserved. making career choices would fayour. people are expected stick closely. feel unfortable workplace where. strongly iifind difficult switch off from the. avoid listening other people. tend ponder length before reaching. nextifind difficult switch off from the. not pedantic about the details. everyone great freedomn can only result. can ignore all distractions when working. e round meaning google search. strongly avoid substantial risks. website development avamaemy opinion. find that quick decisions often turn out. developing skills more important. thave sometimes treated people unfairly. more interested the major points. would never cheat test even. rarely feel troubled events work. appear confident matter who. ifind difficult work without orderly. tam very straight with people even. working environment which allows. very straight with people even. role which involved difficult intellectual. where others would more cautious. making career choices would favour. find difficult switch off from the. believe that others find good. tend tactful rather than direct. piece work generally good. find that others usually e round. almost impossible upset psycruit. knew would not caught. tam often impatient get with things. that see their point view. lavoid listening other people schallenges. often impatient get with things. average intelligence than exceptionally. make lot effort let others know. find that guick decisions often turn out. everyone great freedom can only result. feel that self development. strongly agreem personality assessment teams interview with clevry. when others are worrying about side. sometimes struggle think what. agreem personality assessment teams interview with clevry. like perform tasks quickly avoid,773,Psycruit,come round meaning - google search
