source,target,index
mycourses : search results - google chrome,doing 2 search using regex python - tìm trên google - google chrome,572
doing 2 search using regex python - tìm trên google - google chrome,making different search using regex python - tìm trên google - google chrome,1061
making different search using regex python - tìm trên google - google chrome,what is the difference match() and search() python - tìm trên google - google chrome,1062
what is the difference match() and search() python - tìm trên google - google chrome,python: search the numbers of length between 1 to 3 in a given string - w3resource - google chrome,1582
python: search the numbers of length between 1 to 3 in a given string - w3resource - google chrome,python: search some literals strings in a string - w3resource - google chrome,1617
python: search some literals strings in a string - w3resource - google chrome,get the location of search() regex python - tìm trên google - google chrome,1629
get the location of search() regex python - tìm trên google - google chrome,python: search a literals string in a string and also find the location where the pattern occurs - w3resource - google chrome,1644
python: search a literals string in a string and also find the location where the pattern occurs - w3resource - google chrome,python: search a literals string in a string and also find the location where the pattern occurs - w3resource - google chrome,1662
python: search a literals string in a string and also find the location where the pattern occurs - w3resource - google chrome,python: search a literals string in a string and also find the location where the pattern occurs - w3resource - google chrome,1664
python: search a literals string in a string and also find the location where the pattern occurs - w3resource - google chrome,python: search the numbers of length between 1 to 3 in a given string - w3resource - google chrome,1732
python: search the numbers of length between 1 to 3 in a given string - w3resource - google chrome,"sci dekaanin kannustusstipendin haku alkaa tiistaina 14.12.2021 / application period for sci dean’s incentive scholarship starts on tuesday 14.12.2021 - news, events and calls - into - google chrome",1761
"sci dekaanin kannustusstipendin haku alkaa tiistaina 14.12.2021 / application period for sci dean’s incentive scholarship starts on tuesday 14.12.2021 - news, events and calls - into - google chrome","sci dekaanin kannustusstipendin haku alkaa tiistaina 14.12.2021 / application period for sci dean’s incentive scholarship starts on tuesday 14.12.2021 - news, events and calls - into - google chrome",2084
"sci dekaanin kannustusstipendin haku alkaa tiistaina 14.12.2021 / application period for sci dean’s incentive scholarship starts on tuesday 14.12.2021 - news, events and calls - into - google chrome","harjoittelu- ja kesätyöpaikan hakuaika lähestyy / applikationstid för praktik- och sommararbete närmar sig / application time for practical training and summer work is approaching - news, events and calls - into - google chrome",2086
"harjoittelu- ja kesätyöpaikan hakuaika lähestyy / applikationstid för praktik- och sommararbete närmar sig / application time for practical training and summer work is approaching - news, events and calls - into - google chrome","harjoittelu- ja kesätyöpaikan hakuaika lähestyy / applikationstid för praktik- och sommararbete närmar sig / application time for practical training and summer work is approaching - news, events and calls - into - google chrome",2090
"harjoittelu- ja kesätyöpaikan hakuaika lähestyy / applikationstid för praktik- och sommararbete närmar sig / application time for practical training and summer work is approaching - news, events and calls - into - google chrome",https://www.google.com/search?q=how+many+categories+are+there+in+the+olympics%3f&oq=how+many+categories+are+there+in+the+olympics%3f&aqs=chrome..69i57.400j0j7&sourceid=chrome&ie=utf-8 - google chrome,2092
https://www.google.com/search?q=how+many+categories+are+there+in+the+olympics%3f&oq=how+many+categories+are+there+in+the+olympics%3f&aqs=chrome..69i57.400j0j7&sourceid=chrome&ie=utf-8 - google chrome,glassdoor job search | find the job that fits your life - google chrome,3060
glassdoor job search | find the job that fits your life - google chrome,aalto search | glassdoor - google chrome,3580
aalto search | glassdoor - google chrome,resume template | search | linkedin - google chrome,3581
resume template | search | linkedin - google chrome,resume template | search | linkedin - google chrome,4659
resume template | search | linkedin - google chrome,resume | search | linkedin - google chrome,4661
resume | search | linkedin - google chrome,resume | search | linkedin - google chrome,4702
resume | search | linkedin - google chrome,resume | search | linkedin - google chrome,4706
