source,target,index,title
study information google docs口. day hours task and task based your own schedule. specific measures safeguard the fundamental rights and the interests the data subject you. icc internship opportunity arbitration case. web pages you open read write this will used source information retrieval for. the end the experiment and return for your effort the experiment you will pensated. again this history contains logs which will encrypted and stored your puter the history. inbox tranthanhbao gmail . anonymization and security rules and processes every step the data lifecycle avoid storing. possible risks regarding your personal data. identify the potential security risks toward data breaches during the monitoring. history and technology what you need. loss alteration unauthorized disclosure access are taken direct and indirect identifying. information will not kept all data collected will destroyed yyyy. data collected stored anonymized form this means that participants have identified only. spend least minutes each essay. participants nor sell this information third parties and use the data only anonymous. documents regarding ethical guidelines and data protection strategies the principal investigator will. only stop the monitoring shortly perform activities that you really don want share however. participation the experiment voluntary you can withdraw from the experiment any point. study information google docsa docs google . declared and for each data source will explained whether ethical legal approval for usage has. permitted access the data are directly involved the research and mit this set. part days digital activity monitoring with sessions meeting for tasks. what the history your. example during the lab test you need find those web pages documents links you found,how the system processes and drivers were loaded. how check system logs.   techopedia  system log syslog. about featured snippets feedback. operating system logs cybersecurity attack and defense. information provided the especially windows there are other. what system log why used. the system log syslog contains record the operating system events that indicates.  subscription packtpub  book operating. however log analysis operating system not necessarily limited the logging. what the system log syslog definition from techopedia.   files  user guide eng faq_chec. what are logs windows,10,operating system logs - google search
type message được thu. trả lời câu hỏi sẵn. bài làm yều cầu collect facts,classified class drug such any person who. apr cbd not legally controlled cannabinoid the the possession and. cannabis based products for medicinal use nhs england. cbd regulation explained medic pro limited. history cultivation usage legal status. with claims cbd content low but legal levels thc flower and bud are monly sold. not supplied prescription authorised eea practitioner. imprisonment and unlimited fine sept. accordingly illegal possess supply produce import export this drug except under. advocacy for law reform cannabis the united kingdom illegal for recreational use and. exploring cannabis regulations and investment the. home office licence the canabis regulation. home office licence the. apr cannabis remains illegal possess distribute sell grow the cannabis. helsinki based your past activity update location.   england nhs support for prescribers.  cms law int expert guides united kingdom. about featured snippets feedback.   politics reference cannabis. home office licence individual possession cannabis could face five years.  medicpro london cbd regulation laws.  wikipedia  wiki cannabis_in_the_unit. classified class drug cannabis was made. regulations mean that schedule and controlled drugs and unlicensed medicines may. supply pure cbd oil does not require.   lexology  library detail. cannabis the united kingdom wikipedia. cannabis law and legislation the cms expert guides. cannabis laws all you need know politics. tea and under other guises despite the increasing availability,23,cannabis regulation uk - google search
unlimited fine both while being convicted producing and. break medical cannabis deadlock. than one ounce police can issue warning the spot fine. what the law cannabis the. for those caught with small amount cannabis typically less. mps call for long term planning. therefore remains illegal smoke weed anywhere the united. overhaul support high streets. councils call for increased covid. kingdom including within one own home data however suggests. the possession deemed for personal use. cannabis classified class drug such any person who. that this law regularly flouted. supplying class drug risks years imprisonment. insight ment cartoons public voice campaigns reference. caught with cannabis risks five years imprisonment. annabis remains illegal possess distribute sell grow the. private member bill aims,view all petitions petitions government and parliament. page about results seconds. high stakes the finally clearing pathway for cannabis.   openaccessgovernment  the uks legali. recreational use for ages legalise growing cannabis plants icc internship. the legalisation medicinal cannabis open access. feb david hardstaff bcl cannabis law regulatory team considers the. aug most jurisdictions the issue the percentage thc present.   openaccessgovernment  high stakes. threshold often used but this not the case the instead. tea and under other guises despite the increasing availability. cbd regulation explained medic pro limited.  medicpro london cbd regulation laws. with claims cbd content low but legal levels thc flower and bud are monly sold.  petition parliament petitions cannabis. recreational use for ages legalise growing cannabis plants cannabis regulation. allow the british public vote the legalisation cannabis make cannabis legal for. success the legalisation medicinal cannabis products,27,cannabis regulation uk - google search
use cannabis for medical purposes what would your arguments. why was cannabis made illegal the. medical cannabis has bee topic hot debate assuming you are against the,  karger  article fulltext. schlag cited cannabis has long history being one the oldest. opposed the move taxed cannabis sales were still important. apr overview cannabis laws the their history and the development. aspirin led the reduced use cannabis medicine. httns unnn researchaate net nublication cannabis regulation history and development. evaluation regulatory regimes medical cannabis. medicines and having been used the medical cannabis was legalized and made.   politics reference cannabis. cannabis regulation history and development. cannabis nation control and consumption britain. british and french start cultivate cannabis for hemp fibre. legends hashshasins hashish smoking assassins develop persia the. history cannabis marijuana timeline consultancy. cannabis the united kingdom illegal for recreational use and classified class. cannabis laws all you need know politics. httns unnn researchaate net nublication icc internshi.  tonydagostino history cannabis.  reviews history review. eventually most bans gave way taxed regulated merce british representatives. drug cannabis was made class drug with less,28,cannabis regulation uk history and development - google search
the mons home affairs select mittee carried out. public perception towards the drug the time. guidance controlled drugs and cannabis was classified class. aspirin led the reduced use cann. class drug report the house lords science and. ight ment cartoons public voice campaigns reference. the development superior alternatives such the invention. cannabis was first made illegal the. was legal and was reportedly used writers and other artists. the misuse drugs act was later introduced provide. aspirin led the reduced use cannabis medicine. insight ment cartoons public voice campaigns reference. the syringe for rapid drug inducement and the development. the early cannabis was popular both recreational and. major study into drugs entitled the government drugs policy. the early there was temporary change the. thought written while lewis carroll was using cannabis. government stance cannabis largely response changing. alice wonderland and through the looking glass were. the report also remended the classification cannabis. medicinal pound and rumoured have been given. reduction for users rather than criminal sanctions. working the report called for major shake the. the early the downgrading cannabis. source inspiration and aid imagination for example the books. government drugs policy concentrating education and harm. the history cannabis law. queen victoria her doctor relieve period pain cannabis use,when was cannabis banned the the week. the dangerous drugs act however doctors were able. about featured snippets feedback.  wikipedia  wiki cannabis_in_the_united. cannabis the united kingdom wikipedia. britain itself accordance with the international opium convention the. what year was cannabis banned the.   theweek news news. why did hemp bee illegal. united kingdom first prohibited cannabis drug adding cannabis addendum. when did hemp bee illegal. cannabis was made illegal the united kingdom september addition. the dangerous drugs act,35,why cannabis illegal in uk in 1928 - google search
production until sherlock holmes famously took aid his deductions sigmund. however doctors were able prescribe cannabis for medical use the until. unless done under licence opium and morphine were also restricted under the same. was ingredient the drink coca cola which still uses cocainised leaves its. when the misuse drugs act came into force creating the class and classification. derived from the coca leaf the drug cocaine was widely available and marketed. freud used painkiller and treat depression this day still used medically. cultivation and trafficking cannabis will remain the same. twice daily digest the biggest news stories the day and the best featuresa theweek. subscribe today and your first issues are. amusingly was originally and erroneously sold non addictive alternative. system and making even more drugs controlled substances. these days easy fet that heroin was the trademarked brand name for the drug. painkilling and stimulating ingredient drinks and pills the end the nineteenth. amphetamines were outlawed for non medical purposes under the drugs prevention. originally abandoned because was more potent than the original drug. here are the dates when other drugs were made illegal the. twice daily digest the biggest news stories the day and the best features. banned its medical use was outlawed growing cannabis plants was also. heroin was freely available prescription registered addicts until still used. therapeutic use cannabis based medicines emphatically does not extend any review. the was made illegal possess distribute import export the drug. advertisement article continues below. cannabis would not changed any debate within government about the efficacy and. regarding the classification cannabis and the penalties for the illicit possession. all you need know about everything that matters. mary hospital medical school london who was responsible for inventing. cannabis was made illegal the united kingdom september addition. was made from the opium poppy extract morphine and acid the chemist. was made illegal excent for licensed medical use. was made illegal except for licensed medical use. the dangerous drugs act. home office spokesman stressed that the existing laws the recreational use. start your free trial,why the remains out step legalization times.  theconversation  cannabis how british laws. the under the dangerous drugs act. the coca leaves and indian hemp drug regulations the continuing. the arrival other drugs such aspirin also contributed the reduction the drug use. was later introduced provide guidance controlled drugs. cannabis how british laws around the drug have evolved. recreational use cannabis banned britain result pressure from egypt and. turkey who primarily wanted ban the substance under.   politics reference cannabis. let look why cannabis illegal the first place use cannabis being prohibited. jun cannabis was subsequently added the british dangerous drugs act. history cannabis marijuana timeline consultancy. turkey who primarily wanted ban the substance under why cannais illegal. panorama history cannabis bbc news. cannabis laws all you need know politics. apr cannabis was first made illegal the the misuse drugs act.   the tls cannabis ethics britain.  tonydagostino history cannabis. cannabis was made illegal the followed,38,why cannabis illegal in uk in 1928 - google search
use cannabis for medical purposes what would your arguments. why was cannabis made illegal the. medical cannabis has bee topic hot debate assuming you are against the,brief history the law relationship with medicinal. why the remains out step legalization times. history cultivation usage legal status. the arrival other drugs such aspirin also contributed the reduction the drug use. why was cannabis made illegal the. advocacy for law reform cannabis the united kingdom illegal for recreational use and. why was cannabis made ill. when was cannabis banned the the week.   ladbible  more interesting why. act was later introduced provide guidance controlled drugs.   dazeddigital  life culture article. means has therapeutic benefits and has high potential. why cannabis illegal the ladbible. the dangerous drugs act however doctors were able. you visited this page.   politics reference cannabis.   theweek news news. why did hemp bee illegal. when did hemp bee illegal. feedbackq why was cannabis made illegal the. why cannahis should relegalized the lik refiner. industry eliminate petition the intoxicant market.  news bbc programmes panorama.  wikipedia  wiki cannabis_in_the_unit. apr classified schedule one under the misuse drugs acts which. classified class drug cannabis was made. when mounting racist fears regarding the drugs social influence. cannabis was made illegal the united kingdom september addition. cannabis the united kingdom wikipedia.   refinery  refinery high impact. cannabis laws all you need know politics. panorama history cannabis bbc news. they wanted eliminate petition from the tinctures together with pressure from the alcohol.   the tls cannabis ethics britain. mar wasn until that cannabis became prohibited substance the. apr cannabis was first made illegal the the misuse drugs. cannabis was made illegal the followed,84,why was cannabis made illegal in the uk - google search
 news bbc programmes panorama stm. you are joining debating society and need some notes make presentation the topic. therefore anti drug socialists wanted the gov. share with people and groups. change anyone with the link. get linkreconstruct and consolidate the structure. bat hemp therefore lobbyists began. made people into zombies and led ungod. cannabis was made illegal the was followed international drugs. conference geneva when egyptian delegate convinced everybody that was threat. why the use cannabis restricted icc internship opportuni. want see how works. which cannabis good bad. bec bbc news panor. headings you add the document,shared with google drive. why the remains out step legalization times. the arrival other drugs such aspirin also contributed the reduction the drug use. why was cannabis made illegal the. why was cannabis made ill. latest legalization news legalisation.   ladbible  more interesting why. act was later introduced provide guidance controlled drugs. means has therapeutic benefits and has high potential. why cannabis illegal the ladbible. when will drugs legalized.   politics reference cannabis. you visited this page. industry eliminate petition the intoxicant market.  news bbc programmes panorama. people also search for. apr classified schedule one under the misuse drugs acts which. reason why search google. when will drugs legalized uk口. why was hemp made illegal. cannabis laws all you need know politics. panorama history cannabis bbc news. they wanted eliminate petition from the tinctures together with pressure from the alcohol. apr cannabis was first made illegal the the misuse drugs. cannabis was made illegal the followed,96,why was cannabis made illegal in the uk - google search
assuming you support the use cannabis for medical reasons what are the possible. which cannabis good bad. why the use cannabis restricted docs google . one major timber pany apparently stood lose billions legislation wasn introduced. headings you add the document. recent years some countries for example austria have legalized the,protective factors for cannabis use have been conducted limited reason why cannabis usage restricted. the basis very limited number household surveys and the cannabis use during.   scientificamerican  article weed sho. state medical cannabis laws national conference state. the benefits and harms marijuana explained the most. cannabis short review discussion paper unodc. many asking should cannabis use athletes prohibited. approved measures states allow the use low thc high cannabidiol cbd products. symptoms risk for some mental health issues including. cannabis prevalence use regulation and current policy. since the health effects cannabis and cannabinoids has been limited the,97,reason why cannabis usage is restricted - google search
parisons between the damage one health caused smoking marijuana versus the damage caused. cigarettes equivalent weight this difference due the lack filters joints and because marijuana. the other hand because they are packed more tightly mercial cigarettes produce more smoke than. marijuana medicine the science beyond the controversy. hardcopy version national academies press. marijuana use and dependence. given the well known consequences tobacco smoking seems logical suspect that marijuana could. smokers typically inhale larger volume smoke and take more deeply into the lungs than tobacco. even greater levels cancer causing agents. anization hmo found that marijuana users were more likely seek help for respiratory illnesses than. lungs and since tobacco smoking has been linked respiratory injury cancer emphysema heart disease. smoking tobacco and since estimated percent marijuana users also smoke tobacco difficult. and plete references for studies described below can found chapter the iom report. potential social harms that could result from legalizing marijuana for medical uses more detailed information. aigonotteg ofeouivelent weich thia cfononce duc the olr sitong ininta and hegauge mamiinenga ncbi nlm nih gov. marijuana might prove equally harmful. smokers marijuana smokers also tend hold smoke for time before exhaling exposing the lungs. how harmful marijuana marijuana. marijuana and medicine assessing the science base. smoked marijuana for more than years did not seek treatment for respiratory illness with any greater. scientists have pared marijuana and tobacco smoking the basis many different factors but have. not surprisingly clinical studies suggest that people who smoke marijuana are more likely develop. frequency than those who had smoked for less than years one possible explanation for this finding. the physiology use and abuse. hand rolled joints that plus the fact that most tobacco users typically smoke more cigarettes per day than. ncbi nlm nih gov. people who smoked neither marijuana tobacco however the researchers also found that patients who had. but rather its potential danger individual users and society this chapter first examines the scientific. the most heated arguments over medical marijuana not concern its ability alleviate patients symptoms. respiratory illnesses than are nonsmokers survey outpatient medical visits large health maintenance. where there smoke there harm. conduct epidemiological studies that isolate the effects marijuana smoking. aigonotteg ofeouivelent weich thia cfononce duc the olr sitong ininta and hegauge mamiinengく. evidence that marijuana causes physical and psychological injury individual users then considers the. pdf version this title. failed find consis tent evidence that either substance poses greater health risk than the other the one. smoke into their lungs than people who smoke marijuana exclusively thus impossible make precise. plications pregnancy low birth weight and other ills makes sense worry whether smoking. medical marijuana danger society. their marijuana using counterparts means that over the course day most tobacco users take far more. hand marijuana joints have been shown deliver least four times much tar the lungs tobacco. equally detrimental physical health although free nicotine marijuana smoke certainly pollutes the,shared with google drive. marijuana medicine the science beyond the controversy. pros and cons medical marijuana verywell health.   verywellhealth  medical marijuana. dupont cited the opium poppy and the coca leaf offer useful.   drugabuse gov research reports marijua. medication providing date review the science behind the medical marijuan. what medical marijuanas used treat.  pubmed ncbi nlm nih gov. examining the debate the use medical marijuana. perspectives the current controversies over medical marijuana both cases purified. about featured snippets feedback. debate medical use cannabis. and memory increase the risk accidents and smoking may harm the lungs and lead cancer. muscle spasms and nausea and vomiting and increase appetite however can affect thinking. icc internship opportunity regio. summary medical marijuana increasingly available the often used treat chronic pain. search for what medical marijuanas used treat. mack cited would breaking the law turn marijuana,115,debate in medical use of cannabis - google search
safari can open the page. ncbi nlm nih gov. find the server  ncbi nlm nih gov. safari can find the server.   ncbi nlm nih gov pmc articles pmid because safari can,medical use cannabis house mons library.   atrainceu  content cannabis worl. medical reasons viewed favorably many americans. any longer about the proper use otherwise cannabis oil. feb but its use remains controversial the united states legalizing weed for.  hansard parliament mons debates. medicinal cannabis products and the medical cannabis access bill. the debate over medical marijuana encyclopedia . voices from two sides the medical marijuana drug abuse. cannabis world controversy atrain education. debate medical use cannabis.   encyclopedia  medical magazines.  drugabuse  blog voices from both sides.  monslibrary parliament cbp. cannabis world controversy atrain educationq debate medical use cannabis. sept and the democratic unionist party beg your pardon nor the debate. evidence including anecdotal evidence documents the relief that. dec this briefing provides overview the change the law debate. federal statutes currently prohibit the use cannabis medicine however scientific,119,debate in medical use of cannabis - google search
draw conclusions due inconsistent findings and lack rigorous evidence mild harms were. access  ruor uottawa handle. reducing pain the analysis approach and reporting other reviews was sub optimal making. safety data was generally reported study study with few reviews synthesizing data only one. pubmed ncbi nlm nih gov. the reviews paring cannabis active drugs minor adverse effects drowsiness. low critically low quality. systematic review registration the protocol for this scoping review was posted the open. disturbances nausea vomiting and mental health symptoms assessment review findings. difficult know how consistent findings are when considering pain general adverse effects. frequently reported and possible the harms cannabis based medicines may outweigh. has previously received honoraria from cornerstone research group for provision. management pain symptom conditions such multiple sclerosis injury and. cancer after pain the most mon symptoms treated were spasticity movement. were reported most reviews paring cannabis with placebo and. mon but were reported reviews that reported adverse effects overall. systematic review safeness and therapeutic efficacy cannabis patients with. multiple sclerosis neuropathic pain and oncological patients treated with. keywords cannabis marijuana medical marijuana scoping review systematic review. conclusions results from the included reviews were mixed with most reporting inability. lends the understanding that although small number reviews results showed benefit for. dizziness were mon and reported over half the reviews serious harms were not. review was rated high quality while the remaining were rated moderate. fig prisma style flow. methodologic advice related the conduct systematic reviews and meta analysis all other. authors declare that they have conflicts interest pubmed ncbi nlm nih gov,lical marijuana increasingly available the often used treat chronic pain. about health benefits coffee. and nausea and vomiting and increase appetite however can affect thinking. marijuana medicine the science beyond the controversy. health benefits green tea. vhat medical marijuanas used treat. medication providing date review the science behind the medical marijuan. cons medical marijuana verywell health.  pubmed ncbi nlm nih gov. examining the debate the use medical marijuana. about featured snippets feedback. debate medical use cannabis. edical marijuanas used treat. ncrease the risk accidents and smoking may harm the lungs and lead cancer. and memory incı health benefits dates. ywellhealth  medical marijuana. pros and health benefits cinnamon.   very health benefits grapes. mack cited would breaking the law turn marijuana,120,debate in medical use of cannabis - google search
multiple sclerosis including muscle spasms need urinate and. spasms pain the arms and legs and tremors people with. tongue seems improve some self reported symptoms. nerve pain the this product approved prescription. can also cause weight gain people with hivwho are also taking. marijuana extract sativex pharmaceuticals under the. early research shows that smoking marijuana may reduce muscle. results regarding the effects marijuana extract when taken. indinavir crixivan nelfinavir viracept. not significantly improve muscle spasms nor does reduce the. multiple sclerosis applying specific spray containing. check your symptomsicc internship opportuni. also some conflicting evidence suggests that this product does. extract cannador society for clinical research mouth. muscle spasms the ability walk tremors people with. can also cause weight gain people with hiv who are also taking. people with however other studies show that taking. stimulate the appetite people with aids marijuana cigarettes. marijuana extract mouth does not significantly improve. hiv aids related weight loss smoking marijuana seems. need urinate tremors patients there are conflicting. reduces self reported muscle stiffness and muscle spasms. mouth one small study shows that taking specific marijuana. medicine treat muscle spasms people with canada. this product approved treat nerve pain people with. this product not available prescription medicine the,used for chronic pain relief improves lung capacity unlike smoking.   medicalnewstoday  articles. health benefits and problems smoking cannabis for medical. health benefits cannabis that everyone should know.   healtheuropa health benefits canna. aug delta tetrahydrocannabinol thc and cannabidiol cbd are the main. appetite people with cachexia glaua smoking marijuana seems. jul which why cannabis product such medical cannabis monly.   rxlist  marijuana supplements. aug cannabis also referred marijuana psychoactive drug that many.   webmd  guides medical mar. medical marijuana faq webmd. marijuana health benefits side effects uses dose rxlist. chemicals used medicine thc also produces the high people feel when. people use for recreational purposes and its purported medicinal. what are the health benefits and risks cannabis medical. jun early research shows that taking marijuana extract mouth does not improve,125,health benefits and problems of smoking cannabis for medical use - google search
cognitive health plus the latest advances preventative medicine diet and exercise pain. sign get tips for living healthy lifestyle with ways fight inflammation and improve. effectiveness been proven what conditions useful for addictive how keep out the. hands teenagers really the wonder drug that people claim medical marijuana just ploy. makers and the public than medical marijuana safe should legal decriminalized has its. sign receive health alerts from harvard medical school.   health harvard edu blog medical marijuana. the best diets for cognitive fitness yours absolutely free when you. relief blood pressure and cholesterol management and more. thanks for visiting don miss your free gift,are there benefits marijuana for medical use healthline. health benefits cannabis that everyone should know. jul vwhich why cannabis product such medical cannabis monly.   healthline  health benefits marij. medical marijuana faq webmd. chemicals used medicine thc also produces the high people feel when. used for chronic pain relief improves lung capacity unlike smoking. medical marijuana harvard health. aug delta tetrahydrocannabinol thc and cannabidiol cbd are the main. support legalizing marijuana for medical recreational use.   rxlist  marijuana supplements. jan discuss benefits side effects and risks using marijuana americans. anxiety spasticity and pain treating potentially life. health benefits and problems smoking cannabis for medical use.   health harvard edu blog medical mariju. appetite people with cachexia glaua smoking marijuana seems. apr patients however report many benefits cbd from relieving insomnia.   webmd  guides medical mar. why use search google. marijuana health benefits side effects uses dose rxlist. jun early research shows that taking marijuana extract mouth does not improve,134,health benefits and problems of smoking cannabis for medical use - google search
assuming you support the use cannabis for medical reasons what are the possible. and swelling walls the arteries arteritis however many cases people who.   health harvard edu blog medical marijuana. increase decrease blood pressure and impair mental functioning some reports suggest,medicinal cannabis policies and practices around the world. purified cannabidiol cbd now being used treat children.  public findlaw  cannabis law medical. cannabis laws and regulations the and beyond. some states only allow terminally ill patients legally use marijuana for example while others. nov the legalization cannabis for recreational use canada and many. marijuana laws state iihs. medical marijuana laws state findlaw. legal framework understand why the use cannabis was historical strictly limited,135,why use of cannabis restricted - google search
with direct speech dated say something quickly and suddenly. việt english thesaurus english dutch english french english. object man male animal eject semen from the body. emit semen climax have asm asm informal e. what ejaculated exclaim cry out call out yelli sing out. excrete disge exude spout shoot out squirt out spew out. the sperm ejaculated emit eject discharge release expel. sinh vật học phóng tinh dịch. what ejaculated exclaim cry out call out yell sing out. the moment sexual climax. việt anh anh việt english thesaurus english dutch english french english. utter suddenly blurt out burst out with e out with,some countries recognize more than others the most.   law geetown edu practice areas intel. there are many types intellectual property and. intellectual property category property that. objections overly broad intellectual property laws the main purpose intellectual. includes intangible creations the human intellect. well known types are copyrights patents trademarks. what does rights stand for. reminder email address and passwor.  wikipedia  wiki intellectual_property. and trade secrets wikipedia. property law encourage the creation wide variety. patent trade secret intangible property intellectual property film,346,ip law - google search
legal services and consulting. pages set your page. use image that represents what this page about. use logo image that helps people identify this,happy new year wishes. happy new year wallpapers top. homemade gifts made easy. best happy new year wishes. images may subject copyright learn more. happy new year decorate with led. happy new year high resolution. happy new year live musics,374,happy new year 2022 - google search
county reminder email address and password tranthanhbao. please supply the following information. personal information goodbodym reminder email address and password tranthanhbao. social media management social media content cour. personal information goodbodyirelandm reminder email address and password tranthanhbao. reminder email address and password tranthanhbao. county algoodbody tal net. apartment cratloe wood student village,reminder email address and passwor. social media management social med. most popular places this address,432,välimerenkatu 5 - google search
other than under the. save continuejune reminder email address and password. program algoodbody tal net. please give briefa algoodbody tal net. program selecta algoodbody tal net. välimerenkatu google searchm reminder email address and passwor. reminder email address and password. social media management social med. have you ever been,reminder email address and passwor. social media management social med. career choice reason for application. most popular places this address,437,välimerenkatu 5 - google search
application for summer internship application. egual opportunitiesa algoodbody tal net. people services careers offices. believe have the following skills that enable pursue career corporate law firm. ambitious self driven and certain sense humour. have long acquired interest mercial law and contract law since prefer dealing. social media management social med. trainee summer intern programmes. reminder email address and passwor. wordsa algoodbody tal net. legal research critical thinking attention details presentation hard working punctuality. creativeness well with more people ing from different backgrounds. career choice reason for application. save continuem reminder email address and passwor. tell about legal mercial change that has occurred during the last months which you. corporate law firm because think more suitable environment where can. challenge myself grow work with more freedom and enhance productivity and. believe likely have impact alg our clients. vcareer choice reason for. tell why career corporate law interests you what about career alg that interests. with matters revolving around business transactions and individual relationship rather. save continuea algoodbody tal net. than matters involving more political motives and policy choices would like work,social media management social med. covid impact business ireland. new survey evidence covid and irish smes. reminder email address and passwor. the business impact covid survey bics has been created measure and key. anisations dependent supply chains for their products and. the imnnat the covid nandomie the irich cme contor bos boen. the imnnat the covid nandomie the irich cme contor bos boenq covid impact business ireland.   cso methods surveybackgroundnotes. career choice reason for application.   cso covid informationhub economy.   pwc issues covid. covid information hub business impact covid survey bic infographic. covid responding potential impacts irish business,438,covid impact on business in ireland - google search
Read the job description for inspiration. asm is sure to make it small. instead of expertise lam. hello everyone finally sat. sure make it small. you just now,"months are paid full-time. you can experience a lot here. the spring trainee application has ended, but individual trainee positions open up throughout the year, follow our vacancies. trainee application twice a year in autumn spring winter. apply for our trainee program, application periods are spring, autumn. Individuals apply to our trainee program twice a year. I was involved in the projects right from the beginning. on our website you can find our currently open trainee applications. In addition, individual internships are available throughout the year. we are looking for new experts in auditing, tax law and. show your ability in practical working life to get off to a flying start. to our counseling services all over Finland, internship periods last. inbox tranthanhbao gmail gmail. with experts, you are part of our work community from the first. trainee positions open throughout the year, but they are announced as trainees. are you in the final stages of your studies or have you recently graduated? as an intern, you get to expand your skills in challenging tasks. how kpmg can help. you work with the best in your field on customer assignments. follow us on social media and you will hear the first irainee prugram. follow us on social media and you will be the first to hear about home kpmg. we announce these positions among our open positions",526,hae trainee-ohjelmaamme - hakuajat keväällä ja syksyllä - kpmg finland
"months are paid full-time. you can experience a lot here. the spring trainee application has ended, but individual trainee positions open up throughout the year, follow our vacancies. trainee application twice a year in autumn spring winter. apply for our trainee program, application periods are spring, autumn. Individuals apply to our trainee program twice a year. I was involved in the projects right from the beginning. on our website you can find our currently open trainee applications. In addition, individual internships are available throughout the year. we are looking for new experts in auditing, tax law and. show your ability in practical working life to get off to a flying start. to our counseling services all over Finland, internship periods last. inbox tranthanhbao gmail gmail. with experts, you are part of our work community from the first. trainee positions open throughout the year, but they are announced as trainees. are you in the final stages of your studies or have you recently graduated? as an intern, you get to expand your skills in challenging tasks. how kpmg can help. you work with the best in your field on customer assignments. follow us on social media and you will hear the first irainee prugram. follow us on social media and you will be the first to hear about home kpmg. we announce these positions among our open positions","show your ability in practical working life to get off to a flying start. apply for our trainee program, application periods are spring, autumn. are you in the final stages of your studies or have you recently graduated? to our counseling services all over Finland, internship periods last. months are paid full-time. as an intern, you get to expand your skills in challenging tasks. inbox tranthanhbao gmail gmail. with experts, you are part of our work community from the first. you work with the best in your field on customer assignments. how kpmg can help. cookies settings linkedin linkedin. trainee application twice a year in autumn spring winter. we announce these positions among our open positions. follow us on social media and be the first to hear. In addition, individual internships are available throughout the year. we are looking for new experts in auditing, tax law and",528,hae trainee-ohjelmaamme - hakuajat keväällä ja syksyllä - kpmg finland
tran bao cou scriptions docx. tran bao_ref rachovitsa pdf,finnishlast names surnames starting with.   americanlastnames finnish. finnish last name starting with.  wikipedia  wiki category surnames_of_f. category surnames finnish origin wikipedia,685,finnish last name starting with a t - google search
anyone can see this information when they muni. cate with you view content that you create google. your change might take while show everywhere. changes your name will reflected across your google account learn. manage your google account. who can see your name,"find all opening hours phones addresses Gigantti stores in Espoo saa. Giant store finnoonlaaksontie espoo tiendeo. store shopping store pick delivery. Gigantti espoo finnoonlaaksontie opening hours offers. the best offers, more information in tiendeo. looking for Gigantti, which opening hours, find here offers, information, Gigantti store. see web resultsqa Gigantti espoo. can find what you are looking for. service options store shopping store pick delivery. Gigantti espoo finnoonlaaksontie opening hours offers my offer sheet espo translate this page",708,gigantti espoo - google search
where did you hear about. research support intern european market. you have pleted your application email will sent you confirmation that have received your. thank you for considering career management events please take minute fill out the following form after, careers managementevents  learn.   youtube  watch ffgduuffb our values drive our culture our. management events apply for membership trend reports broadcast. munity today connect with your peers grow professionally keynote sessions. more than industry leaders are already part the aurora live munity join the. learn careers management events.  careers managementevents  careers. sales manager dutch market what management events. aurora live future networking. archives careers management events.   managementevents .  careers managementevents . executives discover our careers and start your success story. team business matchmakers facilitating exclusive connections between europe top.  careers managementevents  translate this page,722,management events career - google search
explain how privacy protection came about. bee aware the essential role law. learn about the human rights background. create awareness for the role privacy. designing crypto and security systems. oecd privacym inbox tranthanhba. understand legal fundamentals european privacy. and the rule law. european legal system introduction,the purpose specification principle that the principle that citizen needs.   tandfonline  volume issue. which will processed and kept central protection for citizen data protection. informed why the personal data being collected and the specific purposes for. what are the global privacy principles. what the purpose gdpr principles. the end the purpose specification principle data. what purpose limitation principle. what are the principles the gdpr,758,purpose specification principle - google search
the purpose specification principle that the principle that citizen needs.   tandfonline  volume issue. which will processed and kept central protection for citizen data protection. informed why the personal data being collected and the specific purposes for. what are the global privacy principles. what the purpose gdpr principles. the end the purpose specification principle data. what purpose limitation principle. what are the principles the gdpr,how does the charter differ the echr. the distinction between privacy and data protection the. kokott cited addition the right respect for private life had been. introduction the provisions privacy and data protection the relevant. data protection the relevant. rights guarantee the right personal data.  fra europa charter protection person. does the european convention human rights guarantee the right personal data. what does the echr say about privacy. the right respect for private life had been. and continues protected general principle law. what the difference between privacy and data protection.  academic oup  idpl article,760,main difference with regards to protecting private life and data between the echr and the charter - google search
paper right reasonable interferences thinking. privacy europe week paper right reasonable interferences thinking data protection law the age big data and. reading report outa coursera . data protection law the age big data and. mod sandra wachter and brent mittelstadt right reasonable inferences. reading report outm inbox tranthanhba,eur lex european union.  wikipedia  wiki international_safe_ha. directive the european parliament and the council the adequacy the. the safe harbour principles. directive the european parliament and the council the adequacy theq the safe harbour principles. what are the safe harbor rules. which ones are safe harbor principles. the international safe harbor privacy principles. the international safe harbor privacy principles safe harbour privacy principles were. prevent private anizations within the european. background history principles scope certification and criticism and evaluation. principles developed between and order prevent.  eur lex europa legal content txt. what the purpose the safe harbor act. developed between and order. from accidentally disclosing losing personal. safe harbour privacy principles were principles. international safe harbor privacy principles wikipedia. union united states which store customer data. claim this knowledge panel,771,the safe harbour principles - google search
Vietnamese uncle. Buddha days. phd candidates junioq which social media scheduler has built chatbot creator. the last seven days safari has prevented trackers from profiling you. Vietnamese daily post. which social media scheduler has built chatbot creator. ten mantras, influencermarketinghub  social media postin. top social media posting scheduling tools for. best social media posting and scheduling tools for. socialpilot socialpilot offers plans ranging from professional agency. although you can save taking out annual plan. best chatbot platform tools build chatbots for your.   signals  content marketing. more items days ago. which social media scheduler has built chatbot creator. what social media scheduler best,787,which social media scheduler has a built-in chatbot creator - google search
personality assessment teams interview with clevry nguyentran gmail  gmail. same thing for too long. would rather keep thoughts. there time limit for this assessment. often look for ways avoiding boring. password advice make least charactersm personality assessment teams interview with clevry nguyentran gmail  gmail. this assessment requires calculator remend you have one hand prior starting the test clevry . honest rate yourself how you really are not how you would like bem personality assessment teams interview with clevry nguyentran gmail  gmail. fairly reticent when pany. tinsist working methodical way. than risk big loss clevry . someone says something unfair about. work order feel have done best. myself than risk upsetting someone. trarely worry about anything. never distracted from job once. these terms then please contact clevry. thinking guided more experience. sometimes wish had more time think. choose the fourth you agree with the statement. would rather play safe for smaller gains. like approach work using carefully. try avoid giving the between rating much possible. remember tell how you see yourself not how you would like seen work. thave often persuaded others change. than risk big loss. privacy policya clevry . password advice please begin typing. strongly frustrated when feel actions are. imy best decisions result more from. attend small matters which others. best decisions result more from. and regulations work which everybody. before have make mind. have strong preference for working. when you are ready get started click start questionnaire. usually quick make mind. with highly intelligent people. you will work through some pages that each contain series statements about personality work you need read each statement and. choose the second you disagree with the statement. privacy policyau clevry . avoid pushing opinions others. feelings are quite easily hurt. verbal reasoning test enhanced. tam never distracted from job once. say how relates you telling how much you agree with. tam fairly reticent when pany. you cannot back and change your answers previous pages. tell how much you agree with each statement choosing one five choices. own thoughts sometimes prevent. choose the first you strongly disagree with the statement. constrained rules and systems. legal sector personality questionnaire. strongly have frequently taken significant risks. icons that appear next the test you are pleting apply your assessment process some listed below may not relevant. choose the middle one you neither agree nor disagree with the statement. choose the fifth you strongly agree with the statement. believe important have strict rules. tend avoid tedious tasks for long. hate when have spend time. sometimes attention wanders when. have frequently taken significant risks. base decisions rational analysis. sometimes talk about people behind. experience worth more than. worry about things too much. have amazing eye for detail. have given high priority self. more than one quarter plete. how give your answers. strongly would rather play safe for smaller gains. frustrated when feel actions are. would rather improvise than plan ahead. development even with other demands. the below icons indicate some characteristics the assessment that you have been asked plete please note that only the. prefer take time over piece. find that taking risks helps sustain. would rather rely data than intuition. there are right wrong answers. quickly bee bored have the. honest rate yourself how you really are not how you would like. when you choose start this activity you are giving your consent assessed according these terms you don agree with any. iinsist working methodical way. from listening what being said. development would unlikely affect. use all the five choices including the extremes. during this activity you asked plete the assessments listed below. work tend leave nothing. but make sure your answers really tell about your real personality yourself when you fill the questionnaire relax don rush and. strongly agreem personality assessment teams interview with clevry nguyentran gmail  gmail. agreei sometimes wish had more time think. opportunities for training and. strongly like approach work using carefully. don start until you understood these important points. before have make mind clevry . copyright clevry all rights reserved. thave frequently taken significant risks. want sign and take assessment. want you your best. have often persuaded others change. strongly agreea clevry . work quickly you can avoid spending too long your answers,chonse lanauageq e round meaning. converted another person opinion. came round her point view. date regular occurrence recur imminent again. e round meaning google search. friday had e round quickly. just e round from drunken stupor. marcus starts ing round will watch and hang out. personality assessment teams interview with clevry. definitions from oxford languages,819,come round meaning - google search
